,age,sex
0,19,female
1,21,male
2,21,female
3,15,female
4,31,male
5,19,male
6,19,male
7,23,male
8,26.8528,male
9,21,female
10,8.380561,male
11,21.38261465,male
12,19,female
13,30,female
14,23,female
15,27,male
16,15.92,male
17,18,female
18,21,female
19,10.96712329,female
20,27.5,male
21,22,male
22,10,male
23,20,female
24,19,male
25,31,male
26,19,male
27,21,male
28,22,male
29,23,female
30,67.5,female
31,21,male
32,35.51540041,male
33,19,male
34,11.3369863,female
35,22,male
36,21,female
37,19,female
38,19,female
39,13,female
40,22,female
41,19,female
42,61,male
43,22.5,male
44,23,male
45,24,male
46,22.5,male
47,33.68651608,female
48,21,female
49,24,female
50,15,female
51,11.52876712,male
52,20,male
53,71.20602327,female
54,9.7,male
55,21,female
56,9.55890411,female
57,32.5,male
58,27.5,female
59,34.66666667,male
60,24.31211499,female
61,13,male
62,19.2,female
63,19,male
64,15,female
65,19,female
66,60.53935661,male
67,20,female
68,8.1013,male
69,27.5,male
70,21,female
71,32.5,male
72,34.36550308,male
73,33.51676934,female
74,25,male
75,72.5,female
76,10.8,male
77,11.50718686,male
78,25.12,male
79,21,female
80,19,male
81,67.5,male
82,45.38809035,male
83,23,female
84,8.90684932,female
85,23,female
86,27.5,male
87,24,female
88,19,male
89,23,female
90,19,female
91,45.229295,female
92,21,female
93,19,female
94,27.5,female
95,21,female
96,19,male
97,21,male
98,11.8,male
99,72.5,male
100,19,female
101,34.47775496,female
102,21,male
103,25,female
104,22,male
105,9.56438356,male
106,20,male
107,17.79,male
108,27.01437372,female
109,12.8739726,male
110,10.49,male
111,19,female
112,11,female
113,27.5,male
114,25,male
115,29,female
116,69.28952772,female
117,42,female
118,12.0411,male
119,25,female
120,22.5,female
121,23,female
122,20,male
123,23,male
124,19,male
125,11,female
126,28,female
127,19,female
128,27.5,female
129,19,male
130,10.35342466,male
131,21,female
132,60.10951403,female
133,15,female
134,21,female
135,22.5,female
136,10.08,male
137,19,female
138,19,female
139,21,male
140,42,male
141,19,female
142,72,male
143,19,female
144,21,female
145,31,female
146,16.2,male
147,23,female
148,25,male
149,21,male
150,53.56605065,female
151,14.2,female
152,21,female
153,24,female
154,19,male
155,19,male
156,29,female
157,21,female
158,23,male
159,23,male
160,31,female
161,19,male
162,23,female
163,22.5,male
164,21,female
165,11.0739726,male
166,19,male
167,10,male
168,24.34223135,female
169,21,female
170,23,female
171,17.2,female
172,59.89322382,female
173,18,male
174,29,female
175,60.59685147,female
176,21,female
177,24.83,male
178,21,male
179,13.01369863,female
180,20,male
181,67.5,female
182,20,female
183,64,male
184,21,female
185,67,female
186,22.5,female
187,50.02327173,female
188,23,male
189,9.81917808,female
190,21,male
191,19,female
192,19,female
193,19,male
194,19,male
195,19,male
196,21,male
197,24,female
198,21,female
199,21,female
200,32,female
201,21,female
202,7.126626,male
203,28.34770705,male
204,24,female
205,21,male
206,22,male
207,21,male
208,25,female
209,43,male
210,15,female
211,21,female
212,33.59342916,male
213,21,female
214,25,male
215,62.08898015,female
216,19,female
217,16,male
218,21,female
219,14,male
220,21,male
221,22.5,male
222,10.83,male
223,28.3669,male
224,22,male
225,28,female
226,20,female
227,25,female
228,19,female
229,30,female
230,19,female
231,10,male
232,41.82067077,male
233,19,male
234,55.54004107,female
235,52.5,male
236,23,male
237,10.9,female
238,12,male
239,23,female
240,18,female
241,19,male
242,19,male
243,24,female
244,21,male
245,10.3477,female
246,21,male
247,21,male
248,15,male
249,31,male
250,61.78507871,female
251,16.3943,male
252,20,female
253,13,female
254,23,male
255,22,female
256,23,female
257,23,female
258,33,female
259,26,female
260,23,female
261,12.9391,male
262,21,female
263,9.75,male
264,21,female
265,69,female
266,24,male
267,51,male
268,21,female
269,14,male
270,19,female
271,23,female
272,64.64613279,female
273,19,male
274,11.444,male
275,59,male
276,11.17,male
277,23,male
278,29,male
279,18,male
280,9.1,female
281,19,female
282,27.5,female
283,15,female
284,27.5,male
285,28,female
286,21,male
287,30.00684463,male
288,27,female
289,27.5,female
290,22,male
291,24,male
292,14.37,male
293,30.67214237,male
294,21,female
295,23,female
296,35,male
297,31,male
298,23,male
299,21,female
300,19,male
301,76.78028747,female
302,42,male
303,25,male
304,60,female
305,27,female
306,19,female
307,17.1,male
308,21,female
309,11.8,male
310,25,male
311,21,male
312,20,female
313,19,male
314,32.5,female
315,21,male
316,19,male
317,27.5,male
318,27.5,male
319,12.76,male
320,30.17659138,male
321,23,female
322,26,male
323,19,female
324,25,female
325,21,male
326,46,female
327,27.5,male
328,13,female
329,27,male
330,25,female
331,19.7591,male
332,48.54757016,male
333,60.46269678,female
334,23.9,male
335,25,female
336,19,female
337,21,female
338,10.53,male
339,27,male
340,30.66,male
341,21,male
342,23,male
343,56.8733744,male
344,9.8,male
345,23,female
346,27,female
347,23,male
348,21,female
349,18,male
350,13.30684932,female
351,21,female
352,22.5,male
353,11.28493151,male
354,23,male
355,25,female
356,23,male
357,65.85352498,male
358,19,female
359,72.32580424,female
360,23,female
361,23.34839151,male
362,27,male
363,20,female
364,19,male
365,29,female
366,26.03,male
367,45.77412731,male
368,10.78082192,female
369,21,male
370,21,male
371,78.20396988,female
372,19,female
373,27.5,male
374,21,male
375,18.5818,male
376,16,female
377,19,male
378,15.25,male
379,10,male
380,21.22,female
381,11,female
382,21,male
383,27.5,female
384,30,female
385,21,male
386,8,male
387,45.61533196,male
388,12,male
389,19,female
390,19,female
391,27.5,male
392,22.5,male
393,11.8816,male
394,11.1999,male
395,30,female
396,19,male
397,21,male
398,6.685832,male
399,27,female
400,21,female
401,23,male
402,13.66,male
403,27.5,male
404,23,female
405,48,male
406,21,male
407,14.4,male
408,29,male
409,25,female
410,16.1,male
411,13.28,female
412,22.5,female
413,25,female
414,21,female
415,20,female
416,21,female
417,19,female
418,25,male
419,21,female
420,21,male
421,21,male
422,41.20465435,male
423,24,male
424,19,female
425,21,male
426,20,male
427,20.90896646,male
428,21,male
429,8.46,male
430,25,female
431,9.5,male
432,11,female
433,21,female
434,27.5,female
435,21,female
436,62.5,male
437,23,male
438,19,female
439,19,female
440,11.07,male
441,19,male
442,27,female
443,25,female
444,67.5,female
445,14.41,male
446,19,female
447,19,female
448,26,female
449,25,female
450,18,male
451,24,male
452,22.5,male
453,24.37508556,male
454,15,female
455,27,female
456,21,male
457,9.82,female
458,78.58453114,female
459,11.14794521,female
460,10.29589041,male
461,21,male
462,9.64109589,male
463,30.89390828,male
464,72.5,female
465,21,male
466,19,female
467,19,female
468,22.5,male
469,23,female
470,21,female
471,25,male
472,21,male
473,11,male
474,23,female
475,24,male
476,19,female
477,25,male
478,21,female
479,15,male
480,31.13483915,male
481,21,female
482,27,male
483,16.6,male
484,23,male
485,24,female
486,21,female
487,30,male
488,21,female
489,21,male
490,63.40314853,female
491,21,female
492,12.65753425,male
493,19,female
494,21,female
495,13.5,male
496,43.46064339,female
497,19,female
498,13.35,male
499,20.69815195,female
500,19,female
501,37,male
502,21,male
503,14.2,male
504,19,male
505,21,female
506,79,female
507,27.38398357,male
508,25,female
509,53.41273101,female
510,21,female
511,21,male
512,21,female
513,8,male
514,10.4,female
515,19,female
516,70,male
517,38.90212183,male
518,19,male
519,36,male
520,21,female
521,30,male
522,21,female
523,19,female
524,21,male
525,23,female
526,23,male
527,21,male
528,67.5,male
529,19,female
530,17.1,male
531,17.13,male
532,27.5,female
533,19,male
534,59.38124572,female
535,8.9747,female
536,9.4,male
537,23,female
538,22,male
539,19,female
540,40.5284052,male
541,27,male
542,21,female
543,29,female
544,11,male
545,19,male
546,19,female
547,19,male
548,21,female
549,68.50924025,male
550,17.56,female
551,19.5,male
552,23,male
553,19,female
554,43.16221766,male
555,19,female
556,42.5,male
557,28,male
558,29,male
559,19,female
560,56.67624914,male
561,22.5,male
562,56.96372348,male
563,59.67145791,female
564,19,male
565,25,male
566,19,male
567,19,female
568,21,male
569,19,female
570,22,female
571,21,female
572,59,male
573,11,male
574,19,male
575,19,female
576,9,male
577,13,male
578,28,female
579,13.1,female
580,21,male
581,33.91649555,male
582,21,male
583,19,female
584,55,male
585,13.5,male
586,29,female
587,13.8,female
588,23,male
589,25,female
590,12,female
591,21,female
592,12,female
593,22,female
594,28.12046543,male
595,61.48665298,female
596,29,female
597,19,female
598,21,male
599,26,male
600,21,female
601,23.69883641,male
602,21,female
603,29,male
604,19,female
605,21,female
606,21,male
607,19,female
608,38.7816564,male
609,10.79,male
610,19,female
611,8.062971,male
612,10,female
613,72.5,male
614,23,male
615,19,female
616,21,female
617,21,female
618,30,female
619,28,female
620,19,male
621,72.5,male
622,13,male
623,27,female
624,19,female
625,17.2,female
626,19,female
627,12.66027397,male
628,23,male
629,21,female
630,8.375086,male
631,13,female
632,23,female
633,11.04109589,male
634,27.5,female
635,19,female
636,10.29,male
637,13.24931507,female
638,25,female
639,21,female
640,36.47912389,female
641,25,female
642,9.74520548,female
643,25,female
644,21,male
645,12,female
646,12.16438356,male
647,6.329911,male
648,19,female
649,23,female
650,74,female
651,14,female
652,21,female
653,21,male
654,58.28062971,female
655,21,female
656,7.76454483,male
657,57.06776181,male
658,14,female
659,18,female
660,23,female
661,41.12251882,male
662,19,female
663,23,male
664,16.104,male
665,14,male
666,19,female
667,21,female
668,41.51950719,male
669,19,female
670,10.82,male
671,23,male
672,19,female
673,23,female
674,25.01848049,female
675,25,male
676,19,female
677,14,female
678,22,female
679,13,female
680,23,male
681,21,female
682,22.5,male
683,19,male
684,25,female
685,19,male
686,72.5,male
687,21,female
688,21,female
689,15,female
690,19,female
691,67,male
692,13,male
693,21,female
694,19,male
695,21,male
696,30,male
697,32,male
698,19,male
699,24,female
700,21,male
701,21,male
702,32,male
703,23,male
704,23,female
705,23,female
706,57.22108145,male
707,67.53456537,female
708,72.5,female
709,70.2477755,female
710,21,male
711,12,male
712,21,female
713,25,female
714,19,male
715,25,female
716,8.58333333,male
717,26.92950034,female
718,25,male
719,19,female
720,12,female
721,13,female
722,33,female
723,8.39,male
724,32.93634497,male
725,23,male
726,23,female
727,21,female
728,12.3477,male
729,18,male
730,30.41752225,male
731,44.09308693,female
732,57.5,male
733,21,male
734,31.2827,male
735,70.55989049,female
736,25,male
737,6,female
738,19,female
739,40.81314168,male
740,19,female
741,10.72,male
742,25,female
743,27.4114,male
744,23,female
745,27,male
746,21,male
747,23,female
748,23,female
749,14,female
750,7,female
751,19,female
752,66.37371663,male
753,19,female
754,23,female
755,69.28952772,female
756,21,male
757,22.5,female
758,25.92744695,female
759,19,female
760,8.91232877,male
761,62.68035592,male
762,16,male
763,21,male
764,61.58795346,male
765,19,male
766,9.7201,male
767,20.8,female
768,10.63013699,male
769,25,female
770,21,female
771,22.5,female
772,24,male
773,37.21013005,female
774,11.67,female
775,23,female
776,18.7379,male
777,19,female
778,19,male
779,21,female
780,60.8678987,female
781,8.7,male
782,23,female
783,9,male
784,19,male
785,21,female
786,19,female
787,72.14510609,female
788,22.5,male
789,56.2,male
790,7.7502,female
791,19,male
792,28.99657769,male
793,19,male
794,13,female
795,74.63655031,female
796,21,male
797,27,female
798,19,female
799,21,male
800,25,female
801,18,male
802,21,female
803,16.66,male
804,23,male
805,19,male
806,19,male
807,19,male
808,21,female
809,19,male
810,73,female
811,24.62149213,female
812,63.83572895,female
813,18,female
814,19,male
815,7,male
816,24,male
817,11.66027397,male
818,55.63586585,male
819,8,female
820,21,female
821,26,male
822,19,male
823,63.66324435,male
824,9.02191781,male
825,33,female
826,19,female
827,21,female
828,23,male
829,32.5,male
830,23,female
831,21,male
832,23,female
833,14,male
834,27.5,female
835,25,male
836,23,male
837,19,male
838,21,male
839,22,male
840,53.32785763,male
841,42.15195072,female
842,69.54688569,male
843,8.89863014,male
844,21,male
845,9,female
846,54.74332649,female
847,9.9,male
848,25,male
849,28,male
850,10,female
851,27.5,male
852,19,male
853,11.323,male
854,28,male
855,23,female
856,21,male
857,22,male
858,13,male
859,43.82477755,male
860,9,male
861,32.5,male
862,27,male
863,23,female
864,23,female
865,33.59342916,male
866,81.94113621,female
867,21,female
868,22.5,female
869,27.5,female
870,11.15890411,female
871,26,female
872,22,female
873,30,male
874,21,female
875,22,male
876,22.5,male
877,27,female
878,20,female
879,23,male
880,42.5,female
881,21,female
882,11,male
883,19,male
884,11.95068493,male
885,19,male
886,33,male
887,19,female
888,21,male
889,21,male
890,27.83572895,female
891,21,female
892,19,male
893,19,male
894,19,male
895,63.24709103,male
896,19,male
897,24,male
898,21,male
899,21,female
900,19,female
901,20,female
902,10,female
903,34.1,male
904,22.5,male
905,22.5,female
906,41.62,female
907,21.0979,male
908,23,female
909,23.84668036,male
910,15,female
911,18.75,male
912,8.17808219,male
913,21,female
914,72.13141684,male
915,19,female
916,19,female
917,20,female
918,45.25667351,male
919,8,male
920,21,male
921,68.26830938,male
922,21,female
923,18.2,female
924,23,male
925,13,female
926,23,female
927,23,male
928,21,female
929,16.9,male
930,12.08,male
931,13.5,male
932,25,female
933,21,female
934,19,female
935,23,male
936,25,female
937,26,male
938,33,male
939,41.2019165,female
940,20,female
941,40.55578371,female
942,23.03901437,male
943,21,male
944,23,female
945,8,male
946,19,female
947,27,female
948,27,male
949,75.97262149,female
950,53.53593429,female
951,46.89664613,male
952,21,female
953,23,female
954,72.5,male
955,68.12320329,male
956,31,female
957,14,female
958,21,male
959,21,male
960,23,male
961,21,female
962,46.59000684,female
963,34,female
964,12,female
965,22,male
966,21,female
967,21,male
968,21,female
969,21,male
970,70.50239562,female
971,25.2128679,female
972,19,female
973,9,female
974,29,male
975,27,female
976,9.3,male
977,11,male
978,19,male
979,11.02465753,male
980,12,female
981,46.00684463,female
982,25,female
983,55.08829569,male
984,19,male
985,17.5,male
986,21,female
987,21,female
988,14,male
989,20,female
990,21,female
991,56.43805613,male
992,9.15616438,male
993,27,female
994,19,male
995,19,female
996,19,male
997,19,female
998,23,female
999,12,male
1000,21,female
1001,22,female
1002,23,male
1003,19,male
1004,21,female
1005,21,female
1006,24,female
1007,21,female
1008,19,female
1009,25,female
1010,19,male
1011,19,female
1012,48,male
1013,21,male
1014,19,female
1015,39,male
1016,9.15,male
1017,78.07255305,male
1018,18,male
1019,21,female
1020,19,female
1021,19,male
1022,21,female
1023,13,female
1024,19,female
1025,12.60547945,male
1026,41.88911704,female
1027,9.28219178,female
1028,21,male
1029,29.2,female
1030,19,female
1031,26,male
1032,24,male
1033,27,female
1034,10.10958904,male
1035,28,female
1036,15,female
1037,19,female
1038,22.5,female
1039,48.10130048,male
1040,27,female
1041,19,female
1042,25,male
1043,50.39561944,male
1044,69.27583847,male
1045,23,female
1046,23,female
1047,23,male
1048,13,female
1049,21,male
1050,9.81917808,female
1051,29,male
1052,27,male
1053,15.6,male
1054,55.58110883,female
1055,23,male
1056,30,female
1057,19,female
1058,37,female
1059,60.0164271,female
1060,20,male
1061,15.75,male
1062,25,male
1063,19,male
1064,27.5,male
1065,15,male
1066,24,female
1067,29,male
1068,17,male
1069,19,female
1070,25,female
1071,9.5,female
1072,33,male
1073,35,female
1074,21,male
1075,27,female
1076,9.43561644,male
1077,11.55,male
1078,51,female
1079,70.95140315,female
1080,36.21629021,male
1081,18,male
1082,19,male
1083,68,female
1084,10.24109589,male
1085,65.25941136,female
1086,47.06913073,male
1087,18.2,male
1088,59,female
1089,21,male
1090,23,male
1091,15.28,male
1092,27.5,male
1093,23,female
1094,13.33,male
1095,21,male
1096,17,female
1097,19,male
1098,39.39767283,female
1099,19,female
1100,25,female
1101,22.5,male
1102,22,female
1103,72.26557153,male
1104,58.83093771,female
1105,19,female
1106,8.07,female
1107,21,male
1108,14,male
1109,21,female
1110,16,male
1111,25,female
1112,19,male
1113,27,female
1114,21,male
1115,19,female
1116,10.44383562,female
1117,21,female
1118,19,female
1119,21,female
1120,21,male
1121,19,female
1122,21,female
1123,36.06023272,female
1124,29,female
1125,19,female
1126,10.95342466,male
1127,72.8843258,female
1128,41.229295,male
1129,19,male
1130,21,female
1131,8.50684932,female
1132,20,female
1133,19,female
1134,23,female
1135,25,male
1136,21,female
1137,33,male
1138,21,male
1139,19,male
1140,19,male
1141,25,female
1142,21,female
1143,23,female
1144,22.5,female
1145,18,male
1146,19,male
1147,25,male
1148,10.2218,female
1149,48.678987,male
1150,13,male
1151,22,female
1152,15.0253,male
1153,23,male
1154,8.8739726,female
1155,25,female
1156,23,male
1157,11.8761,male
1158,21,male
1159,23,female
1160,73.54414784,female
1161,19,female
1162,21,female
1163,18,male
1164,24.85420945,male
1165,50,female
1166,9.7890411,female
1167,32.5,male
1168,20,male
1169,31,female
1170,35.80013689,female
1171,23,male
1172,19,male
1173,22.5,female
1174,19,female
1175,27.5,female
1176,20,male
1177,21,male
1178,20,female
1179,22,female
1180,23,female
1181,25,male
1182,21,female
1183,50.52429843,male
1184,24,female
1185,14,male
1186,9.08333333,male
1187,27,female
1188,21,male
1189,11,male
1190,62.06160164,female
1191,60.90622861,male
1192,19,female
1193,59.12936345,male
1194,21,male
1195,22.5,male
1196,9.66575343,female
1197,34,female
1198,10.44383562,male
1199,52.5,female
1200,23,male
1201,44.20533881,male
1202,19,male
1203,19,female
1204,21,male
1205,23,female
1206,27.5,male
1207,20,male
1208,23,male
1209,19,female
1210,18,female
1211,19,female
1212,72,male
1213,19,male
1214,23,male
1215,43,female
1216,22.5,male
1217,19,female
1218,23,male
1219,13.63,male
1220,11.85205479,male
1221,21,male
1222,23,male
1223,9.3149,male
1224,23,female
1225,30.69952088,male
1226,21,male
1227,19,female
1228,27,male
1229,9.12054795,female
1230,13.85,male
1231,29,female
1232,21,female
1233,11,female
1234,11,female
1235,21,male
1236,21,female
1237,21,male
1238,20.51,male
1239,19,female
1240,27,female
1241,31.95619439,female
1242,23,female
1243,22,female
1244,27,female
1245,19,male
1246,19,male
1247,22.5,male
1248,19,female
1249,19,male
1250,11,male
1251,24,male
1252,33,male
1253,21,male
1254,19,male
1255,8.3,male
1256,21,female
1257,22.5,male
1258,25,female
1259,22.5,male
1260,21,female
1261,19,male
1262,21,male
1263,12.43835616,male
1264,8.94,male
1265,19,female
1266,12.6489,male
1267,35.44695414,male
1268,19,male
1269,23,male
1270,63.18138261,male
1271,10.1,male
1272,19,female
1273,8.74,female
1274,12.66,male
1275,23,female
1276,22.5,female
1277,24,female
1278,72.5,male
1279,22.5,female
1280,22.5,male
1281,24,female
1282,14,female
1283,19,female
1284,67.5,female
1285,23,male
1286,32.5,female
1287,19,female
1288,27,male
1289,25,female
1290,25,female
1291,9,female
1292,13,female
1293,9.30958904,male
1294,22,female
1295,20,female
1296,21,female
1297,73.18275154,female
1298,21,male
1299,18,male
1300,21,female
1301,10,male
1302,27,female
1303,53.41273101,female
1304,33,male
1305,23.71526352,female
1306,67.5,female
1307,21,female
1308,21,male
1309,25.53045859,male
1310,60,female
1311,59.22245038,female
1312,23,female
1313,28.5065024,female
1314,23,male
1315,19,female
1316,21,male
1317,22,female
1318,44.91991786,female
1319,23,male
1320,13.79726027,male
1321,21.33,male
1322,41,male
1323,19,female
1324,66.9486653,female
1325,26,male
1326,75.93702943,male
1327,24,female
1328,8.542094,male
1329,10.08767123,male
1330,6,male
1331,10.41369863,female
1332,23,female
1333,67.5,female
1334,53.30595483,male
1335,23,female
1336,25,female
1337,25,male
1338,21,male
1339,10.2,male
1340,19,male
1341,21,female
1342,21,female
1343,11.66,male
1344,23,male
1345,34,male
1346,16.03,male
1347,19,female
1348,29,male
1349,21,male
1350,27.5,female
1351,19,male
1352,19,male
1353,20,female
1354,18,female
1355,23,female
1356,19,female
1357,19,male
1358,29,male
1359,22.5,male
1360,27.5,male
1361,25.4072553,male
1362,22.5,male
1363,58.04243669,female
1364,13.38,male
1365,44.02464066,female
1366,21,male
1367,23,male
1368,9.897,male
1369,27.5,male
1370,11.09,male
1371,43.91786448,female
1372,66.90759754,female
1373,19,female
1374,24,female
1375,23,female
1376,21,male
1377,20,female
1378,13,female
1379,27.5,female
1380,20,female
1381,22,male
1382,12.25,male
1383,18,female
1384,10,male
1385,19,female
1386,27,female
1387,25.24,male
1388,23,female
1389,25,female
1390,28.56125941,female
1391,12.04,male
1392,19,female
1393,25,female
1394,23,female
1395,12.92,male
1396,9.39452055,female
1397,20,male
1398,21,female
1399,25,female
1400,21,female
1401,10.30410959,male
1402,20,male
1403,10.87123288,male
1404,62.24503765,female
1405,21,male
1406,9.7721,male
1407,12.9,male
1408,22,male
1409,12.00547945,male
1410,21,female
1411,21,female
1412,19,male
1413,19.08,female
1414,15,female
1415,19,male
1416,23,male
1417,21,female
1418,8.42,female
1419,59,male
1420,23,female
1421,19,female
1422,9.05753425,female
1423,12.97,female
1424,22.5,male
1425,20,male
1426,33,male
1427,16,female
1428,23,male
1429,12.36986301,male
1430,19,male
1431,21,female
1432,62.5,male
1433,10.79726027,male
1434,21,female
1435,17,female
1436,25,female
1437,21,female
1438,14,male
1439,17.8,male
1440,27,female
1441,14.03,male
1442,18,male
1443,22,female
1444,18,male
1445,12,male
1446,28,male
1447,20,male
1448,62.73785079,male
1449,16.0986,male
1450,10,female
1451,32.5,female
1452,22,female
1453,32,female
1454,20.33,male
1455,23,male
1456,23,female
1457,19,female
1458,12,female
1459,9.783,female
1460,21,female
1461,15.53,male
1462,21,female
1463,10.67671233,male
1464,37.09787817,male
1465,19,female
1466,31.85489391,male
1467,19,female
1468,19,female
1469,34.8227,male
1470,19,female
1471,27.5,male
1472,24.87611225,male
1473,21,female
1474,9,male
1475,41.30047912,male
1476,11,male
1477,11.3,male
1478,52.66529774,female
1479,29,male
1480,21,male
1481,60.91991786,female
1482,9,male
1483,20,male
1484,21,male
1485,72.5,female
1486,33.24,male
1487,21,male
1488,20,female
1489,8.67,female
1490,71.66324435,male
1491,23,male
1492,27,female
1493,67.5,female
1494,22.5,female
1495,11.04931507,female
1496,23,female
1497,83,male
1498,18,male
1499,13,female
1500,9.25,male
1501,23,male
1502,23,male
1503,23,male
1504,19,female
1505,34.23682409,female
1506,52.88706366,male
1507,21,male
1508,19,male
1509,33.24024641,male
1510,8.898015,male
1511,77,male
1512,54.21492129,female
1513,10.67,male
1514,21,male
1515,27,male
1516,23,female
1517,19,female
1518,15.91,male
1519,21,female
1520,68.15058179,male
1521,21,female
1522,16,female
1523,44.2,male
1524,22,male
1525,19,female
1526,14,female
1527,24,female
1528,27.66,female
1529,27.5,male
1530,10.11232877,female
1531,22.5,female
1532,21,male
1533,21,female
1534,19,female
1535,57.73853525,male
1536,20,female
1537,62.09445585,male
1538,19,female
1539,19,female
1540,26,male
1541,19,female
1542,15.91,male
1543,18,female
1544,19,female
1545,27,male
1546,19,female
1547,36.46817248,female
1548,19,female
1549,31,male
1550,19,female
1551,25,female
1552,27.5,female
1553,67.11293634,female
1554,59.74264203,female
1555,9.3,male
1556,23,female
1557,32,male
1558,10,female
1559,25,male
1560,24,female
1561,21,female
1562,21,female
1563,19,male
1564,17.36,male
1565,21,female
1566,54.27789185,male
1567,13,male
1568,29.7303217,male
1569,22.1081,male
1570,7.326489,male
1571,19,female
1572,9.2081,male
1573,23,male
1574,21,male
1575,9.1752,male
1576,27,female
1577,24,male
1578,19,female
1579,10.54246575,male
1580,21,male
1581,18,female
1582,23,female
1583,19,male
1584,21,female
1585,19,female
1586,59.68514716,male
1587,7,male
1588,21,female
1589,19,female
1590,70.83641342,female
1591,37.82888433,male
1592,21,female
1593,24,female
1594,11.01643836,female
1595,20,male
1596,11.84383562,male
1597,74.98973306,male
1598,11.7892,male
1599,27.3238,male
1600,22.5,male
1601,20,male
1602,23,female
1603,21,female
1604,14.8,female
1605,24,female
1606,72.5,male
1607,19,male
1608,24.56947296,female
1609,20,male
1610,21,female
1611,19,male
1612,21,female
1613,27.5,male
1614,19,male
1615,8.33150685,male
1616,23,male
1617,14.25,male
1618,12.73,female
1619,19,female
1620,9,female
1621,26.57905544,female
1622,32,female
1623,12.70136986,male
1624,21,male
1625,21,male
1626,69.68925394,female
1627,12.42739726,male
1628,22.5,male
1629,14,female
1630,22.5,male
1631,11,male
1632,57.21013005,female
1633,19,male
1634,8.82739726,female
1635,25.58521561,male
1636,21,female
1637,19,female
1638,27.5,female
1639,18,male
1640,19,male
1641,23,male
1642,19,female
1643,9.7,female
1644,8.94246575,male
1645,21,male
1646,18,male
1647,32.16974675,female
1648,15.7,male
1649,8.47123288,male
1650,24,male
1651,22,male
1652,23,male
1653,27.5,male
1654,24,female
1655,22.5,male
1656,69,male
1657,22.5,male
1658,21,female
1659,31,female
1660,46,male
1661,28.61327858,male
1662,9.063,male
1663,24,male
1664,42.5,female
1665,75.8275154,female
1666,12,male
1667,19,male
1668,8.78356164,female
1669,19,male
1670,79,female
1671,23.2909,male
1672,21,female
1673,21,male
1674,15.1,male
1675,22,female
1676,12.4298,male
1677,20,female
1678,24.28473648,male
1679,23,female
1680,22.5,female
1681,18,male
1682,9.63287671,male
1683,25,male
1684,10.50136986,female
1685,24.6,male
1686,21,male
1687,51.65776865,female
1688,14,female
1689,23,male
1690,64.26830938,male
1691,11.8109589,female
1692,22.5,female
1693,21,female
1694,20,male
1695,11.76712329,male
1696,21,female
1697,19,male
1698,12.58,male
1699,21,female
1700,18,female
1701,36,male
1702,21,male
1703,21,female
1704,22,female
1705,23,male
1706,21,male
1707,37.5,female
1708,20,female
1709,23,female
1710,61.01574264,female
1711,24,female
1712,13,male
1713,21,male
1714,12.51232877,male
1715,22,male
1716,10.60273973,female
1717,21,female
1718,11,male
1719,10,male
1720,11.72876712,male
1721,72.5,male
1722,21,female
1723,7.66,male
1724,21,female
1725,24,female
1726,21,male
1727,18,male
1728,23,female
1729,21,male
1730,22.5,female
1731,31,male
1732,23,male
1733,19,male
1734,26.98425736,male
1735,11.44657534,male
1736,8.82191781,male
1737,21,male
1738,22,male
1739,18,female
1740,21,female
1741,22.5,male
1742,25,female
1743,11.23013699,male
1744,23,female
1745,19,female
1746,19,male
1747,19,male
1748,79.41409993,male
1749,23,female
1750,22.5,female
1751,27,female
1752,27,female
1753,21,male
1754,29,female
1755,16,female
1756,21,female
1757,24.6543,male
1758,18.7,male
1759,23,female
1760,15.2,male
1761,59.14852841,female
1762,14,male
1763,21,female
1764,22,male
1765,9.37534247,male
1766,9.73,male
1767,19,female
1768,21,female
1769,67.5,female
1770,21,male
1771,18,male
1772,8.92054794,female
1773,22.5,male
1774,25,male
1775,13,male
1776,25,male
1777,18,male
1778,16,male
1779,29.27857632,male
1780,10,male
1781,21,female
1782,21,female
1783,21,female
1784,22.5,female
1785,10.08767123,male
1786,15.25,male
1787,19,female
1788,23,female
1789,18,male
1790,18,male
1791,19,female
1792,26,female
1793,22,female
1794,14.2,male
1795,27.5,male
1796,19,male
1797,21,female
1798,23,female
1799,18,female
1800,19,female
1801,23,female
1802,19,male
1803,54,male
1804,48.25462012,female
1805,48.07939767,male
1806,13.75,female
1807,21,male
1808,21,female
1809,35.58,male
1810,19,female
1811,21,female
1812,23,female
1813,19,female
1814,21,female
1815,38,male
1816,23,female
1817,19.33,male
1818,9.9548,male
1819,27.5,female
1820,72.82683094,female
1821,27,female
1822,22,male
1823,27.5,female
1824,26.87748118,male
1825,9.933,female
1826,23,female
1827,27.5,male
1828,17,female
1829,21,male
1830,49,female
1831,15,male
1832,23,female
1833,21,male
1834,32.5,male
1835,26,female
1836,54.19301848,female
1837,20,male
1838,13,male
1839,13.86447639,male
1840,29,female
1841,11,male
1842,19,male
1843,38.77344285,male
1844,40,male
1845,21,female
1846,19,female
1847,19,female
1848,10.7529,male
1849,44.88158795,female
1850,10.69589041,male
1851,21,female
1852,21,female
1853,19,female
1854,21,male
1855,21,male
1856,19,male
1857,8.98356164,female
1858,41.7522245,female
1859,21,male
1860,67.5,male
1861,31,male
1862,19,female
1863,20,female
1864,19,male
1865,17,male
1866,14,male
1867,59.88227242,male
1868,19,male
1869,66.90759754,female
1870,27,female
1871,21,female
1872,21,female
1873,9.1890411,female
1874,22,male
1875,21,male
1876,23,male
1877,59.83572895,female
1878,23,female
1879,21,male
1880,27,female
1881,19,female
1882,11.55,male
1883,23,female
1884,21,female
1885,24,male
1886,21,female
1887,21,female
1888,19,male
1889,24,female
1890,19,male
1891,19,female
1892,11,male
1893,13,male
1894,21,female
1895,20.9,male
1896,19,female
1897,22,female
1898,11,male
1899,21,male
1900,19,male
1901,19,male
1902,10.68767123,male
1903,19,female
1904,31.37029432,male
1905,9.61369863,male
1906,19,male
1907,12.30410959,female
1908,23,female
1909,24.76386037,male
1910,27.5,male
1911,25,female
1912,19,female
1913,21,female
1914,25,male
1915,18,male
1916,20,male
1917,10.37260274,male
1918,27,male
1919,22.601,male
1920,19,female
1921,27.5,male
1922,21,male
1923,27,male
1924,21,female
1925,21,male
1926,21,male
1927,27,male
1928,29,male
1929,19,female
1930,12.68,male
1931,19,male
1932,20.1670089,male
1933,19,male
1934,19,male
1935,37.69746749,female
1936,11.76164384,male
1937,15,male
1938,14.42,female
1939,23,female
1940,21,female
1941,24.34223135,female
1942,21,male
1943,19,female
1944,23,female
1945,12,female
1946,13.95,female
1947,9.68493151,female
1948,21,male
1949,19,male
1950,20,male
1951,19,male
1952,13.9,male
1953,60,female
1954,22.5,male
1955,21,female
1956,28.87063655,male
1957,24,male
1958,41.09514031,female
1959,31,male
1960,25,female
1961,18,female
1962,17,female
1963,27.5,male
1964,17.83,male
1965,18,male
1966,22.5,male
1967,19,female
1968,22.5,male
1969,22.5,female
1970,19,female
1971,22,female
1972,19,male
1973,8.40821918,male
1974,20,female
1975,13,female
1976,21,male
1977,19,female
1978,30.0698152,male
1979,13,female
1980,24.2611,male
1981,21,male
1982,31.46064339,male
1983,21,male
1984,56.93908282,male
1985,27,male
1986,19,female
1987,23,female
1988,19,female
1989,19,female
1990,9.161,female
1991,21,male
1992,23,female
1993,41,male
1994,19,female
1995,66.33264887,male
1996,58,female
1997,18,female
1998,65.66735113,female
1999,29,female
2000,21,female
2001,22.5,female
2002,21,male
2003,12.4,male
2004,17.6,male
2005,18,female
2006,28.15879535,female
2007,10.96,male
2008,29.9685,male
2009,21,male
2010,83.45790554,male
2011,35.40588638,female
2012,31.89596167,female
2013,12.3,female
2014,21,female
2015,19,female
2016,11.65753425,male
2017,11,male
2018,27.32648871,female
2019,19,male
2020,25,male
2021,8.08333333,female
2022,23,female
2023,73.5633128,male
2024,21,male
2025,18,male
2026,18.1383,male
2027,21,female
2028,37.5,female
2029,16.05,male
2030,13.12,male
2031,61.15263518,female
2032,19,female
2033,21,male
2034,9,male
2035,49.04312115,female
2036,67.5,female
2037,27.5,male
2038,31.84941821,female
2039,26,female
2040,46.22039699,male
2041,21,female
2042,13.36,male
2043,50.90212183,female
2044,21,male
2045,14.91,male
2046,22.5,female
2047,13,male
2048,28,female
2049,24,female
2050,27.5,male
2051,20,male
2052,19,male
2053,16.5,male
2054,19,female
2055,21,female
2056,19,female
2057,62.5,female
2058,63.816564,male
2059,23,male
2060,11.66849315,female
2061,21,male
2062,21,male
2063,18,female
2064,30,female
2065,33.17,male
2066,22,female
2067,10.80547945,female
2068,23,female
2069,21,female
2070,21,male
2071,19,female
2072,41.71937029,female
2073,9.80821918,male
2074,62.9596167,female
2075,55,male
2076,19,female
2077,65.40999316,female
2078,25,male
2079,21,female
2080,23,female
2081,19,female
2082,29.49760438,female
2083,27,female
2084,22.5,male
2085,23,male
2086,21,male
2087,29,female
2088,22.5,male
2089,19,female
2090,42.98973306,male
2091,22.41478439,female
2092,17.6,male
2093,27.5,female
2094,27.92,male
2095,21,female
2096,21,female
2097,9.229295,male
2098,21,female
2099,22,male
2100,26,male
2101,27.5,male
2102,21,male
2103,62.45585216,female
2104,21,male
2105,37.00205339,female
2106,49.3853525,male
2107,21,female
2108,29,male
2109,22.0479,male
2110,9,female
2111,15.3,male
2112,61,male
2113,20,female
2114,21,female
2115,29,male
2116,25,male
2117,21,female
2118,10.37260274,male
2119,13.8,female
2120,23,male
2121,38.93771389,male
2122,77.5,female
2123,40.3613963,female
2124,22.5,female
2125,19,male
2126,19,male
2127,27,male
2128,63.09650924,female
2129,72.5,male
2130,21,male
2131,19,male
2132,42.78986995,female
2133,25,male
2134,9,male
2135,58.56810404,female
2136,21,female
2137,19,female
2138,33.13894593,female
2139,17,female
2140,20,female
2141,21,female
2142,74,male
2143,62,male
2144,23,female
2145,19,male
2146,23,female
2147,18,female
2148,23,male
2149,21,male
2150,21,male
2151,53.4072553,female
2152,8.87,female
2153,27.3812,male
2154,21,male
2155,12.38,female
2156,11,female
2157,62.5,male
2158,60.10130048,female
2159,21,male
2160,39.4661191,male
2161,25,male
2162,6,male
2163,52.30116359,female
2164,22,female
2165,19,female
2166,23,female
2167,54.4257358,female
2168,86.19849418,male
2169,44,male
2170,29,female
2171,20.65,male
2172,9.5202,male
2173,27,female
2174,41.9028063,female
2175,59.4715948,male
2176,19,male
2177,46,male
2178,24.85420945,male
2179,72.5,female
2180,23,female
2181,20,female
2182,11.2,male
2183,27,male
2184,83.8110883,male
2185,23,male
2186,65.11430527,female
2187,7,female
2188,58,female
2189,22,female
2190,29,female
2191,22,male
2192,19,female
2193,8.59452055,male
2194,10.05479452,female
2195,21,male
2196,19,female
2197,23,female
2198,27.5,male
2199,19,male
2200,23,male
2201,21,male
2202,22,female
2203,23,male
2204,8.64109589,male
2205,21,male
2206,72.09034908,female
2207,19,male
2208,23,female
2209,82.18754278,male
2210,40,male
2211,19,male
2212,25,female
2213,22,male
2214,9.97,female
2215,59.78370979,female
2216,55,female
2217,21,male
2218,22.5,female
2219,23,male
2220,25,female
2221,8.13972603,female
2222,19,male
2223,19,female
2224,27.5,male
2225,10.12328767,male
2226,19,female
2227,28,female
2228,26,male
2229,12.3,female
2230,21,female
2231,8.1,male
2232,21,female
2233,19,female
2234,21,male
2235,25,male
2236,11,male
2237,19,female
2238,23,male
2239,23,male
2240,24,female
2241,19,male
2242,25,male
2243,44.85147159,female
2244,25,female
2245,19,female
2246,20,male
2247,16,female
2248,63.67693361,male
2249,11,male
2250,19,male
2251,17,male
2252,23,male
2253,15.35,male
2254,29.77960301,female
2255,19,female
2256,67.69883641,male
2257,54.6091718,female
2258,38,male
2259,21,male
2260,19,female
2261,19,male
2262,43,male
2263,19,female
2264,15,female
2265,27.5,male
2266,37,male
2267,46.71047228,male
2268,47.5,male
2269,13.8097,male
2270,24,female
2271,12.8,male
2272,18,male
2273,8.85479452,male
2274,21,female
2275,32.5,female
2276,10.19726027,female
2277,19,female
2278,53.53593429,female
2279,23,female
2280,19,female
2281,9.73424658,female
2282,18.8008,male
2283,60.41067762,female
2284,8.17,female
2285,21,female
2286,27,female
2287,19,female
2288,62.4257358,female
2289,25,female
2290,9.75068493,male
2291,33,male
2292,21,female
2293,24,male
2294,52.6899384,female
2295,19,female
2296,19,male
2297,19,female
2298,19,male
2299,20,female
2300,21,female
2301,19,female
2302,23,female
2303,27,female
2304,19,male
2305,21,female
2306,22,male
2307,19,male
2308,18.2806,male
2309,10.53,male
2310,8.851472,female
2311,19,female
2312,25,male
2313,22.5,female
2314,25,male
2315,21,female
2316,60,male
2317,23,male
2318,21,female
2319,19,male
2320,19,male
2321,19.75,male
2322,49,male
2323,23,male
2324,22,male
2325,19,male
2326,19,male
2327,51.75359343,male
2328,19,female
2329,21,female
2330,19,female
2331,21,female
2332,62,male
2333,32,female
2334,79,male
2335,19,female
2336,27,female
2337,19,female
2338,27.5,male
2339,26,female
2340,23,male
2341,19,female
2342,19,female
2343,9.57808219,male
2344,32.5,female
2345,20,female
2346,12.4,male
2347,13.92,female
2348,9.97,male
2349,22,male
2350,23,female
2351,51.29089665,male
2352,70.14099932,female
2353,20,male
2354,23,female
2355,9.034908,male
2356,32.5,male
2357,23,female
2358,23,female
2359,15,female
2360,19,male
2361,25,male
2362,19,male
2363,25,male
2364,19,female
2365,27,male
2366,19,female
2367,16.8,male
2368,23,male
2369,59.00342231,female
2370,19,male
2371,20,male
2372,25,male
2373,19,male
2374,22.5,female
2375,53.67008898,female
2376,21,male
2377,68.48186174,female
2378,8.85479452,male
2379,12,male
2380,29,female
2381,13.21643836,female
2382,23,female
2383,24.00273785,female
2384,23,female
2385,72.5,male
2386,19,female
2387,25.7412731,female
2388,23,female
2389,10.64,male
2390,30,male
2391,20.92813142,female
2392,21,female
2393,22,female
2394,22.5,female
2395,23,male
2396,19,female
2397,21,female
2398,29,female
2399,19,female
2400,20,female
2401,19,male
2402,20,female
2403,59.50992471,male
2404,9,female
2405,19,female
2406,32.75,male
2407,31,male
2408,23,female
2409,21,male
2410,21,male
2411,19,male
2412,19,male
2413,22.5,female
2414,37.5,female
2415,21,male
2416,19,female
2417,19,female
2418,19,female
2419,21,female
2420,12.2546,male
2421,19,female
2422,60,male
2423,19,female
2424,23,female
2425,8.3313,male
2426,27,male
2427,6,female
2428,22,female
2429,62.5,female
2430,59,female
2431,23,male
2432,12,female
2433,25,female
2434,22,female
2435,31.61670089,male
2436,69,male
2437,25,female
2438,26,male
2439,19,female
2440,12.66027397,male
2441,24.17522245,male
2442,35,male
2443,21,male
2444,18,female
2445,72.59411362,female
2446,19,male
2447,21,male
2448,19,female
2449,10.9,male
2450,23,female
2451,24,female
2452,32.5,male
2453,21,female
2454,19,male
2455,17,male
2456,21,male
2457,19,male
2458,9.30136986,female
2459,23,male
2460,14,female
2461,23,male
2462,11.02465753,male
2463,9,male
2464,67.5,male
2465,21,female
2466,37,male
2467,21,female
2468,12,female
2469,21,female
2470,19,female
2471,23,female
2472,18,male
2473,21,female
2474,23,male
2475,19,male
2476,21,female
2477,19,female
2478,11.9,male
2479,25.93839836,male
2480,21,male
2481,22,male
2482,19,female
2483,22,male
2484,19,female
2485,25,female
2486,22,female
2487,19,male
2488,27,male
2489,19,female
2490,23,female
2491,25,male
2492,21,female
2493,21,female
2494,10.09041096,male
2495,18,female
2496,8.276523,male
2497,22,male
2498,39.38398357,male
2499,21,female
2500,41.05954825,female
2501,8.9363,male
2502,9.44,male
2503,34,female
2504,45.3798768,male
2505,21,male
2506,18,female
2507,23,male
2508,28,female
2509,69.60985626,male
2510,57.5,male
2511,18,male
2512,19,male
2513,25,male
2514,9,male
2515,19,female
2516,19,male
2517,32.5,male
2518,23,female
2519,48,male
2520,21,female
2521,19,male
2522,19,male
2523,30,male
2524,43,male
2525,22,female
2526,22.5,male
2527,19,male
2528,21,female
2529,12,female
2530,19.08,male
2531,21,female
2532,9.1068,female
2533,22,female
2534,23,male
2535,24,male
2536,18,female
2537,10.4668,male
2538,13,male
2539,16.88,female
2540,18,female
2541,10.80547945,female
2542,47.01437372,female
2543,21,female
2544,19,female
2545,21,female
2546,26,female
2547,8.75,male
2548,35.80561259,male
2549,62.80355921,female
2550,9.16712329,male
2551,50.65023956,male
2552,10,female
2553,12,male
2554,12.66575342,male
2555,27,male
2556,40,female
2557,21,female
2558,64.10403833,female
2559,49.40451745,female
2560,60.89527721,female
2561,23,female
2562,23,female
2563,19,male
2564,30,male
2565,55.23887748,female
2566,19,male
2567,29.11430527,female
2568,19,male
2569,25.18548939,male
2570,22,female
2571,61,female
2572,42.22039699,female
2573,23,male
2574,21,male
2575,30,female
2576,26,female
2577,20,male
2578,26,male
2579,10.25,male
2580,19,female
2581,12.91,male
2582,8.1,male
2583,12.01,male
2584,21,female
2585,18,female
2586,20,female
2587,9.69,male
2588,19,female
2589,46.36550308,female
2590,27,male
2591,23,female
2592,10.5,male
2593,21,male
2594,18,female
2595,21,female
2596,18,male
2597,14.9432,male
2598,9.25,male
2599,19,male
2600,36,male
2601,24,female
2602,22.5,female
2603,25.58247775,female
2604,68,male
2605,19,male
2606,21,male
2607,21,female
2608,21,female
2609,63.41683778,male
2610,25,female
2611,23,male
2612,13,female
2613,9.26849315,male
2614,60.84052019,male
2615,13,male
2616,71,male
2617,18.2177,male
2618,21,female
2619,32.3613963,female
2620,11.1697,male
2621,35,male
2622,21,male
2623,67.81930185,female
2624,19,female
2625,22.5,female
2626,60.59685147,female
2627,22.1793,female
2628,29.00479124,male
2629,25,male
2630,21,male
2631,47,male
2632,25,female
2633,48.05201916,male
2634,27.5,female
2635,11,male
2636,10,female
2637,27.5975,male
2638,23,male
2639,80.16974675,female
2640,14.76,male
2641,19,male
2642,10.59726027,male
2643,14.1,female
2644,23,female
2645,23,male
2646,20.34,male
2647,21,male
2648,24,female
2649,22,female
2650,10,female
2651,55.16769336,male
2652,12.25,male
2653,27.5,male
2654,21,female
2655,66.85831622,female
2656,21,male
2657,13.78,male
2658,19,female
2659,27,male
2660,21,female
2661,19,female
2662,19,female
2663,9.7,male
2664,8.02465753,male
2665,21,male
2666,23,female
2667,33,male
2668,15.5,male
2669,31,male
2670,33.76317591,female
2671,22.5,female
2672,29,male
2673,60.93086927,female
2674,9.86027397,male
2675,18.75,male
2676,26,female
2677,27,female
2678,21,male
2679,14.86,male
2680,23,female
2681,77.5,male
2682,21,male
2683,13,female
2684,21,male
2685,27.8220397,female
2686,21,female
2687,9.79,male
2688,19,female
2689,19.33,female
2690,16,male
2691,25,female
2692,19,male
2693,19,male
2694,30.14373717,male
2695,39.2526,male
2696,27,male
2697,21,female
2698,11.909,male
2699,18.9,male
2700,19,female
2701,10.119097,male
2702,13.65205479,male
2703,58.56810404,female
2704,21,female
2705,49.9192334,female
2706,23,male
2707,21,female
2708,9.03287671,female
2709,19,female
2710,24,female
2711,27.5,male
2712,27,female
2713,27.5,male
2714,18,female
2715,23,female
2716,10.60821918,male
2717,12.36164384,female
2718,11.01917808,male
2719,67.16221766,female
2720,16,female
2721,23.948,male
2722,71,male
2723,62.5,female
2724,22,male
2725,19,female
2726,42.50787132,female
2727,12.5777,male
2728,20,female
2729,27,male
2730,13.6,female
2731,19,male
2732,72.5,female
2733,22.5,male
2734,7.989049,male
2735,25,male
2736,63.86858316,male
2737,23,female
2738,19,female
2739,11.16986301,male
2740,19,female
2741,27,female
2742,17.9,male
2743,34.43,male
2744,23,female
2745,21,male
2746,45.69746749,male
2747,19.8,male
2748,19,female
2749,26,female
2750,25,male
2751,35.07186858,male
2752,21,male
2753,23,female
2754,22,female
2755,71,female
2756,21,female
2757,27.5,female
2758,14.66,male
2759,18,male
2760,14.25,female
2761,14,female
2762,19,female
2763,9.1369863,male
2764,24,female
2765,22,male
2766,61.33607118,female
2767,19.06,female
2768,13.82,female
2769,24,male
2770,21,male
2771,21,female
2772,25,female
2773,32.64339493,male
2774,19,male
2775,52.53114305,male
2776,19,male
2777,25,female
2778,25,male
2779,14,male
2780,21,female
2781,27.5,male
2782,21,female
2783,19,female
2784,67.5,male
2785,19,female
2786,22.5,male
2787,21,male
2788,21,male
2789,8.55616438,male
2790,76,male
2791,25,female
2792,29.73853525,female
2793,21,male
2794,14.3,female
2795,72.5,male
2796,35.02258727,female
2797,49,male
2798,21,female
2799,60.07392197,female
2800,74.01232033,female
2801,19,female
2802,9.57534247,female
2803,19,male
2804,31,male
2805,21,female
2806,10.63013699,male
2807,13,female
2808,19,female
2809,21,male
2810,14.09,male
2811,21,female
2812,6,male
2813,18,male
2814,21,female
2815,11.25,female
2816,28,female
2817,8.2656,male
2818,21,male
2819,46,male
2820,12.36,male
2821,55.59753593,female
2822,21,female
2823,18.5517,male
2824,28,female
2825,53.74948665,male
2826,23,male
2827,21,male
2828,19,female
2829,11.83,male
2830,10.43561644,male
2831,21,male
2832,31.80835044,male
2833,54,female
2834,21,male
2835,12.6,male
2836,33,female
2837,23,male
2838,23,male
2839,23,male
2840,70.10540726,male
2841,26,female
2842,66.01505818,female
2843,21,female
2844,22.5,female
2845,24,male
2846,19,male
2847,21,female
2848,10,male
2849,19,female
2850,19,female
2851,18,male
2852,60.97467488,male
2853,21,female
2854,9,male
2855,29,male
2856,19,female
2857,19,female
2858,19,female
2859,16.66,female
2860,19,male
2861,19.7,male
2862,12.35342466,male
2863,25.66187543,female
2864,25,male
2865,23,male
2866,21,female
2867,19,male
2868,32,male
2869,27,female
2870,19,female
2871,52.5338809,female
2872,19,male
2873,23,female
2874,52.5,male
2875,27.5,male
2876,21,female
2877,21,male
2878,21,male
2879,19,female
2880,17.2,male
2881,58.65845311,male
2882,11.45,male
2883,21,male
2884,25,female
2885,12.15,male
2886,23,female
2887,73.53867214,female
2888,25,male
2889,23,male
2890,21,female
2891,22.5,female
2892,27.5,male
2893,25,female
2894,68.48459959,male
2895,11.2,male
2896,19,female
2897,23,female
2898,23,male
2899,29,male
2900,27.5,male
2901,33,male
2902,21,male
2903,22,male
2904,69,female
2905,14,male
2906,30,male
2907,43,male
2908,12.16438356,male
2909,65.33059548,male
2910,8.67,male
2911,27.5,male
2912,13.25,male
2913,21,male
2914,73.01574264,male
2915,29,male
2916,19,female
2917,21,male
2918,22.5,male
2919,27.5,male
2920,21,female
2921,21,male
2922,19,male
2923,21,female
2924,18,male
2925,16,male
2926,27.5,female
2927,13,female
2928,19,male
2929,11.178,male
2930,64,male
2931,11.76438356,female
2932,29.5742642,female
2933,12.5,male
2934,67.33196441,female
2935,18,male
2936,21,female
2937,70,female
2938,25,female
2939,21,female
2940,67.45516769,female
2941,21,female
2942,21,male
2943,16,male
2944,19,male
2945,7,male
2946,8.2,male
2947,19,male
2948,8.96986301,male
2949,21,female
2950,29.77138946,male
2951,37.94934976,male
2952,22,female
2953,27.5,male
2954,23,female
2955,19,female
2956,19,female
2957,58.76796715,female
2958,21,female
2959,12,male
2960,11.82191781,male
2961,22.5,male
2962,21,male
2963,27.5,male
2964,21,female
2965,27,male
2966,12,male
2967,20,male
2968,31,male
2969,24.89527721,female
2970,21,female
2971,23,female
2972,21,male
2973,21,male
2974,9.61917808,male
2975,30.705,male
2976,19,female
2977,21,male
2978,19,male
2979,66.52703628,female
2980,21,male
2981,21,male
2982,10.82465753,male
2983,22,male
2984,21,male
2985,23,female
2986,19,male
2987,10.26849315,male
2988,23,female
2989,23,male
2990,19,male
2991,21,female
2992,19,female
2993,34,male
2994,21,female
2995,24.26,male
2996,19,male
2997,24.14236824,female
2998,19,female
2999,21,male
3000,22.64750171,female
3001,23,female
3002,27,female
3003,22,male
3004,16.6,male
3005,9.47123288,male
3006,72.30663929,male
3007,18,female
3008,22.5,male
3009,25,female
3010,13,female
3011,18.3,female
3012,19,male
3013,15,male
3014,25,male
3015,22.5,male
3016,10.6927,male
3017,19,male
3018,25,male
3019,9.11780822,male
3020,52.12867899,female
3021,21,female
3022,25,male
3023,22.5,female
3024,10.92,male
3025,21,male
3026,22.5,male
3027,10.64,male
3028,21,male
3029,13.5,female
3030,23,female
3031,8,female
3032,21,female
3033,26,male
3034,23.53730322,male
3035,22,female
3036,12.5257,male
3037,28.5613,male
3038,22.52,male
3039,19,male
3040,21,female
3041,11.85,female
3042,19,female
3043,25,female
3044,21,male
3045,9.20821918,male
3046,9.41,male
3047,20,female
3048,7.129363,male
3049,29.81793292,male
3050,19,male
3051,12.74246575,female
3052,19,female
3053,75.63312799,female
3054,19,male
3055,64.57768652,female
3056,69,female
3057,21,female
3058,26,female
3059,21,female
3060,11.21643836,male
3061,55.6550308,male
3062,11.4962,male
3063,22,male
3064,19.83,male
3065,58.36824093,female
3066,23,male
3067,11.09041096,male
3068,28,male
3069,47.72347707,male
3070,8.15332,male
3071,25,female
3072,12,male
3073,31,male
3074,8.33333333,male
3075,27,male
3076,17,female
3077,13.46,female
3078,19,female
3079,19,male
3080,21,male
3081,57.86447639,male
3082,20,female
3083,27.5,female
3084,64.66255989,female
3085,19,female
3086,9.88767123,male
3087,14,female
3088,15,female
3089,68.60232717,male
3090,10,female
3091,19,male
3092,27.5,female
3093,19,male
3094,18,male
3095,15,female
3096,21,female
3097,19,male
3098,25,female
3099,21,male
3100,31,male
3101,27,female
3102,27,male
3103,13.78,female
3104,19,female
3105,27,male
3106,10.556,male
3107,19,female
3108,19,male
3109,19,female
3110,8.0630137,male
3111,19,male
3112,19,female
3113,19,male
3114,41.94934976,female
3115,33,male
3116,14,male
3117,21,female
3118,21,male
3119,20,female
3120,10.99,male
3121,8.2,male
3122,21,female
3123,70.71047228,male
3124,21,male
3125,33.53,female
3126,21,female
3127,22.5,female
3128,21,female
3129,19,female
3130,11.75890411,male
3131,21,female
3132,33,female
3133,36.7063655,male
3134,13.77,female
3135,12.4,male
3136,23,male
3137,19,female
3138,8.06027397,male
3139,19,female
3140,23,female
3141,29.85,female
3142,11.72876712,male
3143,15.74,male
3144,19,female
3145,60.89527721,female
3146,21,female
3147,57.70294319,female
3148,18,male
3149,9.27036276,male
3150,23,female
3151,72.3504449,female
3152,21,female
3153,29,male
3154,21,female
3155,22.5,female
3156,12.77,male
3157,21,male
3158,14,female
3159,18,male
3160,24,male
3161,72.5,female
3162,25,male
3163,29.09240246,female
3164,24,male
3165,22,female
3166,39,male
3167,25,female
3168,63.54004107,female
3169,19,female
3170,58.71594798,male
3171,10.8,male
3172,25,female
3173,51.65776865,female
3174,54.19301848,female
3175,27.5,female
3176,24,male
3177,15,female
3178,20.21355236,male
3179,26,female
3180,24,male
3181,68.85147159,female
3182,60.0164271,female
3183,27.9,male
3184,21,female
3185,10.84,male
3186,37.5,male
3187,66.275154,male
3188,23,female
3189,29,female
3190,10.2,male
3191,19,male
3192,27,male
3193,8.43,male
3194,23,female
3195,25,female
3196,21,male
3197,41,male
3198,22,female
3199,23,female
3200,22,male
3201,23,male
3202,23,male
3203,20,female
3204,11.6,male
3205,60,male
3206,22,female
3207,21,male
3208,19,female
3209,27,male
3210,37,female
3211,25.34,male
3212,26,female
3213,21,male
3214,38,female
3215,21,female
3216,20,female
3217,21,female
3218,21,female
3219,13.25,female
3220,21.6666666666667,male
3221,11.32,male
3222,22,female
3223,23,male
3224,22,male
3225,21,male
3226,21,female
3227,22.5,male
3228,37.7659137577002,male
3229,18,male
3230,23,male
3231,21,male
3232,19,female
3233,19,male
3234,21,female
3235,13.72,male
3236,47.3538672142368,male
3237,19.13,male
3238,11.3,male
3239,28,female
3240,22,male
3241,5.907,female
3242,11.03,male
3243,69,male
3244,24,male
3245,25.08333333,male
3246,29,female
3247,23.6,male
3248,27,male
3249,27.83333333,male
3250,16.5,male
3251,25,male
3252,22,male
3253,21,female
3254,23,female
3255,20,female
3256,10.69,male
3257,19,male
3258,8.15,male
3259,9.232876712,female
3260,21,female
3261,18,female
3262,29,male
3263,19,male
3264,11,male
3265,13,male
3266,19,female
3267,22.25,male
3268,27.5,male
3269,23.35,male
3270,25,female
3271,28.8104038329911,female
3272,8.26,female
3273,20,female
3274,66.3299110198494,female
3275,27.5,female
3276,21,female
3277,35.4551676933607,female
3278,21,male
3279,21,female
3280,27,male
3281,6.664,male
3282,28,female
3283,19,male
3284,19,male
3285,8.997260274,female
3286,34.2833675564682,male
3287,19,male
3288,14,female
3289,12.89863014,male
3290,19,female
3291,21,male
3292,48,female
3293,17.31,female
3294,15.4,male
3295,25,male
3296,55.1184120465435,male
3297,37.5,male
3298,19,male
3299,19,male
3300,21.15,male
3301,27.76,female
3302,22.5,male
3303,23,male
3304,11,male
3305,27,male
3306,29.02,male
3307,30.78,male
3308,27.5,male
3309,21,male
3310,33,female
3311,10.4,male
3312,19,female
3313,24,female
3314,18,female
3315,33.9219712525667,male
3316,23,female
3317,17.2,male
3318,23,female
3319,19.8,female
3320,20,male
3321,30,male
3322,19,female
3323,20,female
3324,21,male
3325,26.3983572895277,female
3326,42.5,male
3327,25,male
3328,29,male
3329,11.2,male
3330,21,male
3331,24,female
3332,21,female
3333,19,female
3334,25,female
3335,20.04,male
3336,21,female
3337,21,female
3338,25,female
3339,20,male
3340,15.95,female
3341,22,female
3342,27.6666666666667,female
3343,11.95,male
3344,21,female
3345,19,female
3346,46.2970568104038,male
3347,14.42,female
3348,59.9069130732375,female
3349,8.57,male
3350,23,male
3351,20,female
3352,19,male
3353,78.3572895277207,female
3354,22.4312114989733,male
3355,21,female
3356,10.78082192,female
3357,21,male
3358,22.5,female
3359,21,female
3360,9,male
3361,10.52,male
3362,8.01,male
3363,23,male
3364,23,female
3365,13.628,male
3366,9.935661,male
3367,21,male
3368,19,female
3369,28.2436687200548,male
3370,60.0273785078713,male
3371,25,female
3372,62.5051334702259,female
3373,19,female
3374,21,male
3375,26,female
3376,21,female
3377,21,female
3378,20,male
3379,28.8,male
3380,26.17,male
3381,19,female
3382,19,male
3383,41.2156057494867,male
3384,11.91,male
3385,8.723287671,female
3386,34.0068,male
3387,12.23,male
3388,21,female
3389,19,female
3390,22,female
3391,12.9,male
3392,19,female
3393,19,female
3394,14.18,female
3395,20.02,male
3396,22,male
3397,21,male
3398,22.11,female
3399,11,male
3400,8.9,female
3401,18,male
3402,18,male
3403,23,female
3404,20.4,female
3405,20.08,male
3406,16.88,male
3407,9.430136986,female
3408,19,female
3409,19,female
3410,17.3,male
3411,11.92,male
3412,16,female
3413,28.08333333,male
3414,21,female
3415,57.5,female
3416,23.16666667,male
3417,34.0123203285421,female
3418,23,male
3419,21,female
3420,33,female
3421,20.16666667,male
3422,23,male
3423,24,male
3424,53,male
3425,27,female
3426,10.4,male
3427,23,female
3428,14.4,male
3429,75.0773442847365,female
3430,24,female
3431,23,female
3432,11,female
3433,7.109,male
3434,21,female
3435,42.5,female
3436,27,male
3437,26,female
3438,22,female
3439,21,female
3440,21,female
3441,24,male
3442,18,male
3443,24,female
3444,40,male
3445,20,male
3446,15,male
3447,23,female
3448,36.1642710472279,male
3449,25,female
3450,45,male
3451,14.3,female
3452,21,male
3453,29,male
3454,11.75890411,male
3455,19,female
3456,40,female
3457,21,female
3458,14.8,male
3459,20,male
3460,39.0362765229295,male
3461,21,male
3462,23,female
3463,14.38,female
3464,73,male
3465,21,female
3466,21,female
3467,19,male
3468,12,female
3469,88,female
3470,17.9,male
3471,19,male
3472,19,female
3473,16.28,male
3474,14,male
3475,13.5496,male
3476,20,female
3477,19,male
3478,19.25,male
3479,19,female
3480,20,male
3481,23.91666667,male
3482,21,female
3483,23,male
3484,45.2950034223135,male
3485,18,male
3486,40.0082135523614,male
3487,21,male
3488,12,female
3489,45.7522245037646,female
3490,14,male
3491,19,female
3492,25.4647501711157,male
3493,15.27,male
3494,13.18,male
3495,19,male
3496,62.0616016427105,female
3497,8.86,male
3498,29,male
3499,22.77,male
3500,21,male
3501,20,male
3502,7.26,male
3503,12.67,male
3504,14.7,male
3505,8.164,male
3506,28.203,male
3507,26,female
3508,12.2,male
3509,19,female
3510,19,male
3511,18,female
3512,15.8,male
3513,62,male
3514,12.81,male
3515,68.1341546885695,male
3516,19.25,male
3517,23,female
3518,22,female
3519,18,female
3520,15.5,male
3521,19,male
3522,14.17,male
3523,19,male
3524,25.45106091718,female
3525,13.8,female
3526,10,female
3527,42.3709787816564,female
3528,21,male
3529,23,female
3530,59.2635181382615,male
3531,23.4880219028063,male
3532,19.16,male
3533,21,male
3534,26.5215605749487,female
3535,21,male
3536,10.01917808,male
3537,14.2,male
3538,28.8241,female
3539,19,male
3540,21,female
3541,12.43,male
3542,27,male
3543,20,male
3544,23,male
3545,20,female
3546,8.887,male
3547,19,female
3548,70.1437371663244,female
3549,10.46,male
3550,33,female
3551,19,male
3552,24.2,female
3553,86.3189596167009,female
3554,16.6,male
3555,23,male
3556,21,male
3557,6.363,male
3558,13,male
3559,14.9,male
3560,27,male
3561,26,male
3562,23,male
3563,11.5,male
3564,12.83,male
3565,24,female
3566,72,male
3567,21,male
3568,19.5,male
3569,25,male
3570,19.58333333,male
3571,19,male
3572,10,female
3573,67.5,female
3574,18,female
3575,11.69,male
3576,24,male
3577,22,male
3578,23.65,male
3579,46.425735797399,female
3580,20,female
3581,27.5,female
3582,8.2464,male
3583,25,female
3584,20.6666666666667,female
3585,23,female
3586,28.476386036961,female
3587,7.29,male
3588,13.83333333,male
3589,14.44,male
3590,65.9082819986311,female
3591,10.4,female
3592,23,male
3593,33.8316221765914,male
3594,15.8,male
3595,18,male
3596,24,female
3597,13.1916,male
3598,20,male
3599,15.42,male
3600,18,male
3601,29.41666667,male
3602,8.5,female
3603,44.8761122518823,female
3604,10.29041096,male
3605,19,female
3606,22,male
3607,21,male
3608,21,female
3609,23.7316906228611,female
3610,16.13,male
3611,14,male
3612,29.2566735112936,male
3613,19,male
3614,21,female
3615,27,female
3616,19,female
3617,26,male
3618,38.2778918548939,male
3619,36,male
3620,22.76,male
3621,19,female
3622,20,female
3623,23,female
3624,10.18,male
3625,22.5,male
3626,38.5872689938398,female
3627,27.0828199863107,female
3628,69.0677618069815,female
3629,10.15616438,female
3630,38.8856947296372,female
3631,16.6,male
3632,24,female
3633,23.81,female
3634,21,female
3635,15.04,male
3636,29.13,female
3637,22.5,male
3638,20,female
3639,13.6,male
3640,21,female
3641,26.41666667,male
3642,9.015742642,male
3643,20,male
3644,13.22,female
3645,13,female
3646,19,male
3647,19,female
3648,25,female
3649,26,male
3650,14.5,male
3651,22,male
3652,21,male
3653,19,male
3654,63,male
3655,19,male
3656,23,female
3657,54.485968514716,female
3658,32.7036276522929,female
3659,19,female
3660,21,female
3661,22,male
3662,24,male
3663,18,female
3664,19,male
3665,21,female
3666,22.48,male
3667,55.8275154004107,male
3668,8.821917808,female
3669,8.82,male
3670,46.43,female
3671,19,male
3672,21,female
3673,22,male
3674,19,female
3675,12.1,male
3676,20,female
3677,25,female
3678,37.1444216290212,female
3679,27,female
3680,35,male
3681,9.54,male
3682,55.5400410677618,female
3683,20.3333333333333,female
3684,9,male
3685,57.5,male
3686,14,male
3687,26.2724161533196,female
3688,23,male
3689,21,female
3690,40,female
3691,23,female
3692,19,female
3693,46.1683778234086,female
3694,32.4243668720055,female
3695,64.186173853525,female
3696,20,female
3697,8.91,female
3698,23.3333333333333,female
3699,39.1759069130732,male
3700,25,female
3701,27.41666667,male
3702,18,female
3703,24,female
3704,18.1547,male
3705,16.93,male
3706,11,female
3707,31.5920602327173,female
3708,19,female
3709,24,male
3710,21,male
3711,20,female
3712,16,male
3713,27.5,male
3714,41,male
3715,21,female
3716,60,male
3717,19,female
3718,23,female
3719,14.88,male
3720,12.81,male
3721,17.5,male
3722,61.3661875427789,male
3723,11,male
3724,21,male
3725,32.8377823408624,male
3726,11.34,male
3727,7.19,male
3728,27,female
3729,23,male
3730,8.745205479,female
3731,9.033,male
3732,31,male
3733,20,female
3734,69.3251197809719,male
3735,21,female
3736,21,female
3737,19,male
3738,19.73,male
3739,19,female
3740,22,male
3741,25,male
3742,11.32,male
3743,12.9,male
3744,55.2197125256674,female
3745,19,female
3746,22.5,male
3747,19,male
3748,18,female
3749,27,male
3750,19,male
3751,6,male
3752,23,female
3753,10,female
3754,72.0054757015743,female
3755,42.76,female
3756,59.7426420260096,female
3757,23.08,male
3758,22,female
3759,22,male
3760,19,female
3761,22.66666667,male
3762,13.583,male
3763,21,male
3764,9,female
3765,24.08333333,male
3766,10.68,male
3767,19,male
3768,16.55,male
3769,29,female
3770,13.92,male
3771,19,female
3772,68,female
3773,22,female
3774,30,female
3775,16,male
3776,10,male
3777,10.72876712,female
3778,22,male
3779,21,male
3780,19,female
3781,33.0047912388775,male
3782,15.6,male
3783,18,male
3784,25,male
3785,6.47,male
3786,33.6666666666667,female
3787,21,female
3788,9.66,male
3789,21,male
3790,27.75,male
3791,25,female
3792,19,female
3793,19,male
3794,22,male
3795,10.76,male
3796,20,female
3797,72,male
3798,62.0177960301164,female
3799,21,male
3800,36.5530458590007,male
3801,18.59,male
3802,17.8,male
3803,21,male
3804,35,female
3805,10.19,male
3806,11.09,male
3807,24,female
3808,20,male
3809,18,male
3810,65,female
3811,23.1101984941821,female
3812,23,female
3813,21,male
3814,5.9,male
3815,36.4216290212183,female
3816,18.6666666666667,male
3817,23,female
3818,19,male
3819,31,male
3820,13.88,male
3821,35,male
3822,22,male
3823,19,male
3824,19,female
3825,20,female
3826,19,female
3827,10.55068493,female
3828,21,female
3829,27.5,male
3830,19,male
3831,25,male
3832,32,female
3833,33.1334702258727,male
3834,14.06,female
3835,17.4,female
3836,7.047228,female
3837,19,male
3838,27.3812457221081,female
3839,12.07,male
3840,29.2,female
3841,19,female
3842,31,female
3843,27.5,male
3844,25,male
3845,45.0321697467488,male
3846,27,male
3847,9.48,male
3848,9.231,male
3849,19,female
3850,27.7262149212868,female
3851,18,female
3852,25,male
3853,38.839151266256,female
3854,40,male
3855,70.5188227241616,male
3856,25,male
3857,20,male
3858,19,male
3859,47,male
3860,18,female
3861,27.5,female
3862,26.8,male
3863,31,female
3864,25,male
3865,25,male
3866,50.5735797399042,female
3867,19,female
3868,21,female
3869,15.53,male
3870,58.7926078028748,female
3871,27,female
3872,24,female
3873,27.03,female
3874,21,female
3875,28,female
3876,20,female
3877,20,male
3878,22.5,male
3879,14.36,male
3880,12.76438356,male
3881,18,female
3882,19.9808350444901,female
3883,58.9924709103354,female
3884,42.9705681040383,female
3885,19,female
3886,19.6,female
3887,21,male
3888,16.55,male
3889,21,female
3890,30.1190965092402,male
3891,19,male
3892,27,male
3893,39.0225872689939,male
3894,19,male
3895,10.541,male
3896,21,male
3897,14.653,male
3898,36.9199178644764,female
3899,22.5,female
3900,36,male
3901,22,male
3902,10.2,female
3903,58.7816563997262,female
3904,20,female
3905,49.4045174537988,female
3906,19,male
3907,21,female
3908,20,female
3909,18,female
3910,21.1526351813826,female
3911,23,female
3912,32,male
3913,19,female
3914,22,female
3915,49.596167008898,female
3916,18.6666666666667,female
3917,12.44,female
3918,21,female
3919,10.74,male
3920,26,male
3921,8.04,female
3922,19,female
3923,19.228,male
3924,21,female
3925,29,male
3926,33.3497604380561,male
3927,22.5,male
3928,25,female
3929,10.73,male
3930,22,female
3931,19,female
3932,18,female
3933,21,female
3934,19,male
3935,12,female
3936,18,female
3937,8.88,male
3938,21,female
3939,18,female
3940,19,female
3941,15.5,male
3942,12,female
3943,30.08,male
3944,21,female
3945,19,female
3946,32,female
3947,22,female
3948,26.9240246406571,male
3949,20,male
3950,28,male
3951,26,male
3952,41.741273100616,male
3953,23,male
3954,24.6899383983573,male
3955,22.5,male
3956,7.24,male
3957,21,male
3958,10.862,male
3959,13.3,male
3960,19,male
3961,34.2067077344285,male
3962,21,female
3963,21.66666667,male
3964,45.8590006844627,male
3965,12,female
 ,,
